date,headline
2017-02-12,G.O.P. Lawmakers Like What They See in Trump. They Just Have to Squint.
2017-02-12,Ball Scores 22 to Lead No. 10 UCLA Past Oregon State 78-60
2017-02-12,"Yen Slips After Trump-Abe Meet, Asian Shares Firm"
2017-02-12,"Turmoil at the National Security Council, From the Top Down"
2017-02-12,Golf Capsules
2017-02-12,Asian Tech Titans Take a Page From Trump’s Book
2017-02-12,Trump Responds to North Korean Missile Launch With Uncharacteristic Restraint
2017-02-12,Verizon Reintroduces Unlimited Data Plan as Competition Rises
2017-02-12,The Grammys Red Carpet 2017
2017-02-12,The Grammys Red Carpet 2017
2017-02-12,AP Source: Nuggets Trade Nurkic to Trail Blazers for Plumlee
2017-02-12,Dagg Re-Signs to Give All Blacks' World Cup Plans a Boost
2017-02-12,No. 25 SMU Snaps No. 11 Cincinnati's 15-Game Win Streak
2017-02-12,No. 9 Oregon State Defeats No. 15 UCLA 68-61
2017-02-12,Jordan Spieth Breezes to Big Win at Pebble Beach
2017-02-12,"Trump, Trudeau to Discuss Women in Workforce"
2017-02-12,Death of a Businessman: How the Philippines Drugs War Was Slowed
2017-02-12,Head of Spain’s Far-Left Party Survives Leadership Challenge
2017-02-12,No. 4 Mississippi State Beats Mississippi 66-44
2017-02-12,Knicks Beat Spurs 94-90 to Salvage Finale of Homestand
2017-02-12,Treasury Auctions Set for the Week of Feb. 13
2017-02-12,Thomas Leads No. 16 Miami Women to an 81-57 Win Over Clemson
2017-02-12,No. 2 Baylor Women Top TCU 91-73 Following 1st Big 12 Loss
2017-02-12,"Zach Parise Scores Twice, Wild Beat Red Wings 6-3"
2017-02-12,"Toshiba Prepares to Unveil Nuclear Hole, Other Perils Threaten"
2017-02-12,Kashmiri Militants Killed in Gun Battle
2017-02-12,No. 8 Stanford's Fast Start Buries Utah
2017-02-12,Wolves Roll Short-Handed Bulls to Help Thibs to Season Sweep
2017-02-12,Australian Banks Narrow Focus of Apple Pay Collective Bargaining Request
2017-02-12,Into a Blue Evening Sky
2017-02-12,Ex-Drug Company CEO Martin Shkreli to Speak at Harvard
2017-02-12,Teenage Zverev Beats Gasquet to Win Open Sud De France Title
2017-02-12,Angry Ranieri Hints at Dropping Leicester Underperformers
2017-02-12,SoundCloud Loses Key Executives Amid Fundraising Drive
2017-02-12,"In ‘Humans,’ if You Need a Marriage Counselor, See a Robot"
2017-02-12,Scott McCarron Eagles 18th to Win PGA Tour Champions Event
2017-02-12,CORRECTION: Braves-Phillips Story
2017-02-12,Switzerland Votes to Ease Citizenship for Third-Generation Immigrants
2017-02-12,"Shook Scores 14, No. 14 Louisville Women Coast Past BC 68-43"
2017-02-12,"Neil Gaiman on His ‘Norse Mythology,’ in Which Odin Wants a Wall"
2017-02-12,"Sykes, Peterson Team for 61 in No. 20 Syracuse Women's Win"
2017-02-12,Off the Runway: New York Fashion Week Day 4
2017-02-12,These Dogs Feel Like ‘Warm Bologna.’ Their Fans Say Bald Is Beautiful.
2017-02-12,Off the Runway: New York Fashion Week Day 4
2017-02-12,"Review: Igor Levit, a Pianist for Polarizing Times"
2017-02-12,Sudanese Police Finds Explosive Material in Apartment After Blast
2017-02-12,Review: A Tenor and a Soprano Make ‘I Puritani’ Gleam at the Met
2017-02-12,Off the Runway: New York Fashion Week Day 2
2017-02-12,Review: An Old Ballet Is Kissed Into New Life
2017-02-12,Off the Runway: New York Fashion Week Day 2
2017-02-12,Heng on Trump’s Asia Policy
2017-02-12,"New Nuclear-Capable Missile Test a Success, North Korea Says"
2017-02-12,What Is the State of Your Block in New York City?
2017-02-12,Drugmaker Stada Confirms Takeover Bid From Two Companies
2017-02-12,Trump Criticized Obama for Golfing. Now He Spends Weekends on the Links.
2017-02-12,Grammy Winners 2017
2017-02-12,Winners at the 2017 British Academy Film Awards
2017-02-12,"Thousands March in Mexico to Demand Respect, Reject Trump"
2017-02-12,"Ex-Knick Sprewell Returns to MSG, 2 Days After Oakley's Ban"
2017-02-12,Military Police Back on Duty for 2nd Day in Brazil State
2017-02-12,Before You Take the Trip: How About a Virtual ‘Test Drive’?
2017-02-12,The Latest: Boston Airport Terminal Evacuated Due to High CO
2017-02-12,Search for Fishing Vessel With 6 People Goes Into 2nd Day
2017-02-12,Factbox: Major Winners at Britain's 2017 BAFTA Awards
2017-02-12,"China, the Party-Corporate Complex"
2017-02-12,Austrian Official Defends Closing Borders to Deter Migrants
2017-02-12,Baby in a Box? Free Cardboard Bassinets Encourage Safe Sleeping
2017-02-12,'La La Land' Wins Big at Britain's BAFTA Awards to Continue Hot Streak
2017-02-12,"Polish PM Says She's OK After Crash, Ready to Leave Hospital"
2017-02-12,"Prince Back on Streaming Platforms, Two New Albums Coming"
2017-02-12,Estrella Burgos Wins Again at Ecuador Open
2017-02-12,"Spencer, Wilson Led No. 17 NC State Women to 85-71 Win"
2017-02-12,"Flaherty Scores 35, No. 21 Michigan Women Top Badgers 75-66"
2017-02-12,Thousands Continue Protests Against Government in Romania
2017-02-12,Missouri Man Who Said He Was a KKK Leader Found Dead
2017-02-12,Activism Hits Even the Less Flashy Tech Companies
2017-02-12,Few Good Options in Trump Arsenal to Counter Defiant North Korea
2017-02-12,Ex-Sandinista Says Nicaragua's Ruling Party Persecuting Him
2017-02-12,No. 14 Duke Women Beat Pittsburgh 62-48 for 5th Straight Win
2017-02-12,No. 3 Maryland Beats Michigan State 89-72
2017-02-12,Texas A&M Rallies to Beat No. 24 Lady Vols 61-59
2017-02-12,Williamstown Theater Fest Announces Lineup
2017-02-12,Senator Says GOP Colleagues Question Trump's Mental Health
2017-02-12,"Marchers Across Mexico Vent Anger Over Trump, and Their Own President"
2017-02-12,Sevilla Scores Late to End Las Palmas' Unbeaten Run
2017-02-12,"For Democrats, Being Out of Power Has Its Perks"
2017-02-12,Immigrants Wait in Fear After Raids; Trump Takes Credit
2017-02-12,How to Get the Glowing Skin at Victoria Beckham
2017-02-12,"188,000 Under Evacuation Orders Near Northern California Dam"
2017-02-12,"Ex-NFL Player Quentin Moses, 2 Others Die in House Fire"
2017-02-12,Volkswagen Says Has No Plans to Retain Large Number of Temp Staff
2017-02-12,"Brent Burns Scores 2, Sharks Beat Devils 4-1"
2017-02-12,No. 18 DePaul Women Win 6th Straight 92-62 Over Butler
2017-02-12,"World’s Diplomats, Seeking a Bridge to Trump, Look to Haley"
2017-02-12,Woman Released on Bail in Cliff Crash That Killed Twin
2017-02-12,Abbott Laboratories May See Boost From St. Jude's Acquisition: Barron's
2017-02-12,Netanyahu’s Meeting With Trump to Set Tone for U.S.-Israel Relations
2017-02-12,Tennis: Injured Davis Cup Umpire Undergoes Surgery on Fractured Eye Socket
2017-02-12,Gypsy Sport: Fall 2017
2017-02-12,"ASAP Bari, Virgil Abloh and Jonathan Simkhai Party on Saturday Night of Fashion Week"
